source_url,target_url,status_code,preserve_query_string
https://vietpaw.com/index.html,https://vietpaw.com/,301,True
https://www.vietpaw.com/index.html,https://vietpaw.com/,301,True
http://vietpaw.com/index.html,https://vietpaw.com/,301,True
http://www.vietpaw.com/index.html,https://vietpaw.com/,301,True
https://vietpaw.com/about/index.html,https://vietpaw.com/about/,301,True
https://www.vietpaw.com/about/index.html,https://vietpaw.com/about/,301,True
http://vietpaw.com/about/index.html,https://vietpaw.com/about/,301,True
http://www.vietpaw.com/about/index.html,https://vietpaw.com/about/,301,True
https://vietpaw.com/capabilities/index.html,https://vietpaw.com/capabilities/,301,True
https://www.vietpaw.com/capabilities/index.html,https://vietpaw.com/capabilities/,301,True
http://vietpaw.com/capabilities/index.html,https://vietpaw.com/capabilities/,301,True
http://www.vietpaw.com/capabilities/index.html,https://vietpaw.com/capabilities/,301,True
https://vietpaw.com/case-studies/index.html,https://vietpaw.com/case-studies/,301,True
https://www.vietpaw.com/case-studies/index.html,https://vietpaw.com/case-studies/,301,True
http://vietpaw.com/case-studies/index.html,https://vietpaw.com/case-studies/,301,True
http://www.vietpaw.com/case-studies/index.html,https://vietpaw.com/case-studies/,301,True
https://vietpaw.com/cat-toys/index.html,https://vietpaw.com/cat-toys/,301,True
https://www.vietpaw.com/cat-toys/index.html,https://vietpaw.com/cat-toys/,301,True
http://vietpaw.com/cat-toys/index.html,https://vietpaw.com/cat-toys/,301,True
http://www.vietpaw.com/cat-toys/index.html,https://vietpaw.com/cat-toys/,301,True
https://vietpaw.com/cat-toys/balls/index.html,https://vietpaw.com/cat-toys/balls/,301,True
https://www.vietpaw.com/cat-toys/balls/index.html,https://vietpaw.com/cat-toys/balls/,301,True
http://vietpaw.com/cat-toys/balls/index.html,https://vietpaw.com/cat-toys/balls/,301,True
http://www.vietpaw.com/cat-toys/balls/index.html,https://vietpaw.com/cat-toys/balls/,301,True
https://vietpaw.com/cat-toys/catnip-toys/index.html,https://vietpaw.com/cat-toys/catnip-toys/,301,True
https://www.vietpaw.com/cat-toys/catnip-toys/index.html,https://vietpaw.com/cat-toys/catnip-toys/,301,True
http://vietpaw.com/cat-toys/catnip-toys/index.html,https://vietpaw.com/cat-toys/catnip-toys/,301,True
http://www.vietpaw.com/cat-toys/catnip-toys/index.html,https://vietpaw.com/cat-toys/catnip-toys/,301,True
https://vietpaw.com/certifications/index.html,https://vietpaw.com/certifications/,301,True
https://www.vietpaw.com/certifications/index.html,https://vietpaw.com/certifications/,301,True
http://vietpaw.com/certifications/index.html,https://vietpaw.com/certifications/,301,True
http://www.vietpaw.com/certifications/index.html,https://vietpaw.com/certifications/,301,True
https://vietpaw.com/collections/aggressive-chewers/index.html,https://vietpaw.com/collections/aggressive-chewers/,301,True
https://www.vietpaw.com/collections/aggressive-chewers/index.html,https://vietpaw.com/collections/aggressive-chewers/,301,True
http://vietpaw.com/collections/aggressive-chewers/index.html,https://vietpaw.com/collections/aggressive-chewers/,301,True
http://www.vietpaw.com/collections/aggressive-chewers/index.html,https://vietpaw.com/collections/aggressive-chewers/,301,True
https://vietpaw.com/collections/coconut-fiber/index.html,https://vietpaw.com/collections/coconut-fiber/,301,True
https://www.vietpaw.com/collections/coconut-fiber/index.html,https://vietpaw.com/collections/coconut-fiber/,301,True
http://vietpaw.com/collections/coconut-fiber/index.html,https://vietpaw.com/collections/coconut-fiber/,301,True
http://www.vietpaw.com/collections/coconut-fiber/index.html,https://vietpaw.com/collections/coconut-fiber/,301,True
https://vietpaw.com/collections/coffee-wood/index.html,https://vietpaw.com/collections/coffee-wood/,301,True
https://www.vietpaw.com/collections/coffee-wood/index.html,https://vietpaw.com/collections/coffee-wood/,301,True
http://vietpaw.com/collections/coffee-wood/index.html,https://vietpaw.com/collections/coffee-wood/,301,True
http://www.vietpaw.com/collections/coffee-wood/index.html,https://vietpaw.com/collections/coffee-wood/,301,True
https://vietpaw.com/collections/hemp-fiber/index.html,https://vietpaw.com/collections/hemp-fiber/,301,True
https://www.vietpaw.com/collections/hemp-fiber/index.html,https://vietpaw.com/collections/hemp-fiber/,301,True
http://vietpaw.com/collections/hemp-fiber/index.html,https://vietpaw.com/collections/hemp-fiber/,301,True
http://www.vietpaw.com/collections/hemp-fiber/index.html,https://vietpaw.com/collections/hemp-fiber/,301,True
https://vietpaw.com/collections/loofah/index.html,https://vietpaw.com/collections/loofah/,301,True
https://www.vietpaw.com/collections/loofah/index.html,https://vietpaw.com/collections/loofah/,301,True
http://vietpaw.com/collections/loofah/index.html,https://vietpaw.com/collections/loofah/,301,True
http://www.vietpaw.com/collections/loofah/index.html,https://vietpaw.com/collections/loofah/,301,True
https://vietpaw.com/collections/plastic-free/index.html,https://vietpaw.com/collections/plastic-free/,301,True
https://www.vietpaw.com/collections/plastic-free/index.html,https://vietpaw.com/collections/plastic-free/,301,True
http://vietpaw.com/collections/plastic-free/index.html,https://vietpaw.com/collections/plastic-free/,301,True
http://www.vietpaw.com/collections/plastic-free/index.html,https://vietpaw.com/collections/plastic-free/,301,True
https://vietpaw.com/collections/teething-puppies/index.html,https://vietpaw.com/collections/teething-puppies/,301,True
https://www.vietpaw.com/collections/teething-puppies/index.html,https://vietpaw.com/collections/teething-puppies/,301,True
http://vietpaw.com/collections/teething-puppies/index.html,https://vietpaw.com/collections/teething-puppies/,301,True
http://www.vietpaw.com/collections/teething-puppies/index.html,https://vietpaw.com/collections/teething-puppies/,301,True
https://vietpaw.com/contact/index.html,https://vietpaw.com/contact/,301,True
https://www.vietpaw.com/contact/index.html,https://vietpaw.com/contact/,301,True
http://vietpaw.com/contact/index.html,https://vietpaw.com/contact/,301,True
http://www.vietpaw.com/contact/index.html,https://vietpaw.com/contact/,301,True
https://vietpaw.com/dog-toys/index.html,https://vietpaw.com/dog-toys/,301,True
https://www.vietpaw.com/dog-toys/index.html,https://vietpaw.com/dog-toys/,301,True
http://vietpaw.com/dog-toys/index.html,https://vietpaw.com/dog-toys/,301,True
http://www.vietpaw.com/dog-toys/index.html,https://vietpaw.com/dog-toys/,301,True
https://vietpaw.com/dog-toys/chew-toys/index.html,https://vietpaw.com/dog-toys/chew-toys/,301,True
https://www.vietpaw.com/dog-toys/chew-toys/index.html,https://vietpaw.com/dog-toys/chew-toys/,301,True
http://vietpaw.com/dog-toys/chew-toys/index.html,https://vietpaw.com/dog-toys/chew-toys/,301,True
http://www.vietpaw.com/dog-toys/chew-toys/index.html,https://vietpaw.com/dog-toys/chew-toys/,301,True
https://vietpaw.com/dog-toys/fetch-toys/index.html,https://vietpaw.com/dog-toys/fetch-toys/,301,True
https://www.vietpaw.com/dog-toys/fetch-toys/index.html,https://vietpaw.com/dog-toys/fetch-toys/,301,True
http://vietpaw.com/dog-toys/fetch-toys/index.html,https://vietpaw.com/dog-toys/fetch-toys/,301,True
http://www.vietpaw.com/dog-toys/fetch-toys/index.html,https://vietpaw.com/dog-toys/fetch-toys/,301,True
https://vietpaw.com/dog-toys/puzzle-toys/index.html,https://vietpaw.com/dog-toys/puzzle-toys/,301,True
https://www.vietpaw.com/dog-toys/puzzle-toys/index.html,https://vietpaw.com/dog-toys/puzzle-toys/,301,True
http://vietpaw.com/dog-toys/puzzle-toys/index.html,https://vietpaw.com/dog-toys/puzzle-toys/,301,True
http://www.vietpaw.com/dog-toys/puzzle-toys/index.html,https://vietpaw.com/dog-toys/puzzle-toys/,301,True
https://vietpaw.com/dog-toys/rope-toys/index.html,https://vietpaw.com/dog-toys/rope-toys/,301,True
https://www.vietpaw.com/dog-toys/rope-toys/index.html,https://vietpaw.com/dog-toys/rope-toys/,301,True
http://vietpaw.com/dog-toys/rope-toys/index.html,https://vietpaw.com/dog-toys/rope-toys/,301,True
http://www.vietpaw.com/dog-toys/rope-toys/index.html,https://vietpaw.com/dog-toys/rope-toys/,301,True
https://vietpaw.com/factory/index.html,https://vietpaw.com/factory/,301,True
https://www.vietpaw.com/factory/index.html,https://vietpaw.com/factory/,301,True
http://vietpaw.com/factory/index.html,https://vietpaw.com/factory/,301,True
http://www.vietpaw.com/factory/index.html,https://vietpaw.com/factory/,301,True
https://vietpaw.com/guides/index.html,https://vietpaw.com/guides/,301,True
https://www.vietpaw.com/guides/index.html,https://vietpaw.com/guides/,301,True
http://vietpaw.com/guides/index.html,https://vietpaw.com/guides/,301,True
http://www.vietpaw.com/guides/index.html,https://vietpaw.com/guides/,301,True
https://vietpaw.com/guides/are-coffee-wood-chews-safe-for-dogs/index.html,https://vietpaw.com/guides/are-coffee-wood-chews-safe-for-dogs/,301,True
https://www.vietpaw.com/guides/are-coffee-wood-chews-safe-for-dogs/index.html,https://vietpaw.com/guides/are-coffee-wood-chews-safe-for-dogs/,301,True
http://vietpaw.com/guides/are-coffee-wood-chews-safe-for-dogs/index.html,https://vietpaw.com/guides/are-coffee-wood-chews-safe-for-dogs/,301,True
http://www.vietpaw.com/guides/are-coffee-wood-chews-safe-for-dogs/index.html,https://vietpaw.com/guides/are-coffee-wood-chews-safe-for-dogs/,301,True
https://vietpaw.com/guides/are-dog-toys-biodegradable/index.html,https://vietpaw.com/guides/are-dog-toys-biodegradable/,301,True
https://www.vietpaw.com/guides/are-dog-toys-biodegradable/index.html,https://vietpaw.com/guides/are-dog-toys-biodegradable/,301,True
http://vietpaw.com/guides/are-dog-toys-biodegradable/index.html,https://vietpaw.com/guides/are-dog-toys-biodegradable/,301,True
http://www.vietpaw.com/guides/are-dog-toys-biodegradable/index.html,https://vietpaw.com/guides/are-dog-toys-biodegradable/,301,True
https://vietpaw.com/guides/best-natural-chews-for-aggressive-chewers/index.html,https://vietpaw.com/guides/best-natural-chews-for-aggressive-chewers/,301,True
https://www.vietpaw.com/guides/best-natural-chews-for-aggressive-chewers/index.html,https://vietpaw.com/guides/best-natural-chews-for-aggressive-chewers/,301,True
http://vietpaw.com/guides/best-natural-chews-for-aggressive-chewers/index.html,https://vietpaw.com/guides/best-natural-chews-for-aggressive-chewers/,301,True
http://www.vietpaw.com/guides/best-natural-chews-for-aggressive-chewers/index.html,https://vietpaw.com/guides/best-natural-chews-for-aggressive-chewers/,301,True
https://vietpaw.com/guides/coffee-wood-chew-size-guide/index.html,https://vietpaw.com/guides/coffee-wood-chew-size-guide/,301,True
https://www.vietpaw.com/guides/coffee-wood-chew-size-guide/index.html,https://vietpaw.com/guides/coffee-wood-chew-size-guide/,301,True
http://vietpaw.com/guides/coffee-wood-chew-size-guide/index.html,https://vietpaw.com/guides/coffee-wood-chew-size-guide/,301,True
http://www.vietpaw.com/guides/coffee-wood-chew-size-guide/index.html,https://vietpaw.com/guides/coffee-wood-chew-size-guide/,301,True
https://vietpaw.com/guides/coffee-wood-vs-antler-nylon-rawhide/index.html,https://vietpaw.com/guides/coffee-wood-vs-antler-nylon-rawhide/,301,True
https://www.vietpaw.com/guides/coffee-wood-vs-antler-nylon-rawhide/index.html,https://vietpaw.com/guides/coffee-wood-vs-antler-nylon-rawhide/,301,True
http://vietpaw.com/guides/coffee-wood-vs-antler-nylon-rawhide/index.html,https://vietpaw.com/guides/coffee-wood-vs-antler-nylon-rawhide/,301,True
http://www.vietpaw.com/guides/coffee-wood-vs-antler-nylon-rawhide/index.html,https://vietpaw.com/guides/coffee-wood-vs-antler-nylon-rawhide/,301,True
https://vietpaw.com/guides/how-long-do-coffee-wood-chews-last/index.html,https://vietpaw.com/guides/how-long-do-coffee-wood-chews-last/,301,True
https://www.vietpaw.com/guides/how-long-do-coffee-wood-chews-last/index.html,https://vietpaw.com/guides/how-long-do-coffee-wood-chews-last/,301,True
http://vietpaw.com/guides/how-long-do-coffee-wood-chews-last/index.html,https://vietpaw.com/guides/how-long-do-coffee-wood-chews-last/,301,True
http://www.vietpaw.com/guides/how-long-do-coffee-wood-chews-last/index.html,https://vietpaw.com/guides/how-long-do-coffee-wood-chews-last/,301,True
https://vietpaw.com/guides/how-to-vet-an-eco-pet-toy-supplier/index.html,https://vietpaw.com/guides/how-to-vet-an-eco-pet-toy-supplier/,301,True
https://www.vietpaw.com/guides/how-to-vet-an-eco-pet-toy-supplier/index.html,https://vietpaw.com/guides/how-to-vet-an-eco-pet-toy-supplier/,301,True
http://vietpaw.com/guides/how-to-vet-an-eco-pet-toy-supplier/index.html,https://vietpaw.com/guides/how-to-vet-an-eco-pet-toy-supplier/,301,True
http://www.vietpaw.com/guides/how-to-vet-an-eco-pet-toy-supplier/index.html,https://vietpaw.com/guides/how-to-vet-an-eco-pet-toy-supplier/,301,True
https://vietpaw.com/guides/natural-dog-chew-toys-guide/index.html,https://vietpaw.com/guides/natural-dog-chew-toys-guide/,301,True
https://www.vietpaw.com/guides/natural-dog-chew-toys-guide/index.html,https://vietpaw.com/guides/natural-dog-chew-toys-guide/,301,True
http://vietpaw.com/guides/natural-dog-chew-toys-guide/index.html,https://vietpaw.com/guides/natural-dog-chew-toys-guide/,301,True
http://www.vietpaw.com/guides/natural-dog-chew-toys-guide/index.html,https://vietpaw.com/guides/natural-dog-chew-toys-guide/,301,True
https://vietpaw.com/guides/natural-dog-toy-manufacturer-vietnam/index.html,https://vietpaw.com/guides/natural-dog-toy-manufacturer-vietnam/,301,True
https://www.vietpaw.com/guides/natural-dog-toy-manufacturer-vietnam/index.html,https://vietpaw.com/guides/natural-dog-toy-manufacturer-vietnam/,301,True
http://vietpaw.com/guides/natural-dog-toy-manufacturer-vietnam/index.html,https://vietpaw.com/guides/natural-dog-toy-manufacturer-vietnam/,301,True
http://www.vietpaw.com/guides/natural-dog-toy-manufacturer-vietnam/index.html,https://vietpaw.com/guides/natural-dog-toy-manufacturer-vietnam/,301,True
https://vietpaw.com/guides/non-toxic-cat-toys-wholesale-buying-guide/index.html,https://vietpaw.com/guides/non-toxic-cat-toys-wholesale-buying-guide/,301,True
https://www.vietpaw.com/guides/non-toxic-cat-toys-wholesale-buying-guide/index.html,https://vietpaw.com/guides/non-toxic-cat-toys-wholesale-buying-guide/,301,True
http://vietpaw.com/guides/non-toxic-cat-toys-wholesale-buying-guide/index.html,https://vietpaw.com/guides/non-toxic-cat-toys-wholesale-buying-guide/,301,True
http://www.vietpaw.com/guides/non-toxic-cat-toys-wholesale-buying-guide/index.html,https://vietpaw.com/guides/non-toxic-cat-toys-wholesale-buying-guide/,301,True
https://vietpaw.com/guides/pet-toy-moq-fob-pricing-lead-times/index.html,https://vietpaw.com/guides/pet-toy-moq-fob-pricing-lead-times/,301,True
https://www.vietpaw.com/guides/pet-toy-moq-fob-pricing-lead-times/index.html,https://vietpaw.com/guides/pet-toy-moq-fob-pricing-lead-times/,301,True
http://vietpaw.com/guides/pet-toy-moq-fob-pricing-lead-times/index.html,https://vietpaw.com/guides/pet-toy-moq-fob-pricing-lead-times/,301,True
http://www.vietpaw.com/guides/pet-toy-moq-fob-pricing-lead-times/index.html,https://vietpaw.com/guides/pet-toy-moq-fob-pricing-lead-times/,301,True
https://vietpaw.com/guides/pet-toy-safety-compliance-cpsia-reach/index.html,https://vietpaw.com/guides/pet-toy-safety-compliance-cpsia-reach/,301,True
https://www.vietpaw.com/guides/pet-toy-safety-compliance-cpsia-reach/index.html,https://vietpaw.com/guides/pet-toy-safety-compliance-cpsia-reach/,301,True
http://vietpaw.com/guides/pet-toy-safety-compliance-cpsia-reach/index.html,https://vietpaw.com/guides/pet-toy-safety-compliance-cpsia-reach/,301,True
http://www.vietpaw.com/guides/pet-toy-safety-compliance-cpsia-reach/index.html,https://vietpaw.com/guides/pet-toy-safety-compliance-cpsia-reach/,301,True
https://vietpaw.com/guides/pet-toy-safety-testing-requirements/index.html,https://vietpaw.com/guides/pet-toy-safety-testing-requirements/,301,True
https://www.vietpaw.com/guides/pet-toy-safety-testing-requirements/index.html,https://vietpaw.com/guides/pet-toy-safety-testing-requirements/,301,True
http://vietpaw.com/guides/pet-toy-safety-testing-requirements/index.html,https://vietpaw.com/guides/pet-toy-safety-testing-requirements/,301,True
http://www.vietpaw.com/guides/pet-toy-safety-testing-requirements/index.html,https://vietpaw.com/guides/pet-toy-safety-testing-requirements/,301,True
https://vietpaw.com/guides/plastic-free-biodegradable-pet-toys-guide/index.html,https://vietpaw.com/guides/plastic-free-biodegradable-pet-toys-guide/,301,True
https://www.vietpaw.com/guides/plastic-free-biodegradable-pet-toys-guide/index.html,https://vietpaw.com/guides/plastic-free-biodegradable-pet-toys-guide/,301,True
http://vietpaw.com/guides/plastic-free-biodegradable-pet-toys-guide/index.html,https://vietpaw.com/guides/plastic-free-biodegradable-pet-toys-guide/,301,True
http://www.vietpaw.com/guides/plastic-free-biodegradable-pet-toys-guide/index.html,https://vietpaw.com/guides/plastic-free-biodegradable-pet-toys-guide/,301,True
https://vietpaw.com/guides/private-label-oem-eco-pet-toys-explained/index.html,https://vietpaw.com/guides/private-label-oem-eco-pet-toys-explained/,301,True
https://www.vietpaw.com/guides/private-label-oem-eco-pet-toys-explained/index.html,https://vietpaw.com/guides/private-label-oem-eco-pet-toys-explained/,301,True
http://vietpaw.com/guides/private-label-oem-eco-pet-toys-explained/index.html,https://vietpaw.com/guides/private-label-oem-eco-pet-toys-explained/,301,True
http://www.vietpaw.com/guides/private-label-oem-eco-pet-toys-explained/index.html,https://vietpaw.com/guides/private-label-oem-eco-pet-toys-explained/,301,True
https://vietpaw.com/guides/sourcing-eco-pet-toys-vietnam/index.html,https://vietpaw.com/guides/sourcing-eco-pet-toys-vietnam/,301,True
https://www.vietpaw.com/guides/sourcing-eco-pet-toys-vietnam/index.html,https://vietpaw.com/guides/sourcing-eco-pet-toys-vietnam/,301,True
http://vietpaw.com/guides/sourcing-eco-pet-toys-vietnam/index.html,https://vietpaw.com/guides/sourcing-eco-pet-toys-vietnam/,301,True
http://www.vietpaw.com/guides/sourcing-eco-pet-toys-vietnam/index.html,https://vietpaw.com/guides/sourcing-eco-pet-toys-vietnam/,301,True
https://vietpaw.com/guides/sourcing-pet-toys-vietnam-vs-china/index.html,https://vietpaw.com/guides/sourcing-pet-toys-vietnam-vs-china/,301,True
https://www.vietpaw.com/guides/sourcing-pet-toys-vietnam-vs-china/index.html,https://vietpaw.com/guides/sourcing-pet-toys-vietnam-vs-china/,301,True
http://vietpaw.com/guides/sourcing-pet-toys-vietnam-vs-china/index.html,https://vietpaw.com/guides/sourcing-pet-toys-vietnam-vs-china/,301,True
http://www.vietpaw.com/guides/sourcing-pet-toys-vietnam-vs-china/index.html,https://vietpaw.com/guides/sourcing-pet-toys-vietnam-vs-china/,301,True
https://vietpaw.com/guides/sustainable-pet-toy-materials-compared/index.html,https://vietpaw.com/guides/sustainable-pet-toy-materials-compared/,301,True
https://www.vietpaw.com/guides/sustainable-pet-toy-materials-compared/index.html,https://vietpaw.com/guides/sustainable-pet-toy-materials-compared/,301,True
http://vietpaw.com/guides/sustainable-pet-toy-materials-compared/index.html,https://vietpaw.com/guides/sustainable-pet-toy-materials-compared/,301,True
http://www.vietpaw.com/guides/sustainable-pet-toy-materials-compared/index.html,https://vietpaw.com/guides/sustainable-pet-toy-materials-compared/,301,True
https://vietpaw.com/guides/what-is-coconut-fiber-pet-toys/index.html,https://vietpaw.com/guides/what-is-coconut-fiber-pet-toys/,301,True
https://www.vietpaw.com/guides/what-is-coconut-fiber-pet-toys/index.html,https://vietpaw.com/guides/what-is-coconut-fiber-pet-toys/,301,True
http://vietpaw.com/guides/what-is-coconut-fiber-pet-toys/index.html,https://vietpaw.com/guides/what-is-coconut-fiber-pet-toys/,301,True
http://www.vietpaw.com/guides/what-is-coconut-fiber-pet-toys/index.html,https://vietpaw.com/guides/what-is-coconut-fiber-pet-toys/,301,True
https://vietpaw.com/guides/wholesale-coconut-fiber-cat-toys-supplier/index.html,https://vietpaw.com/guides/wholesale-coconut-fiber-cat-toys-supplier/,301,True
https://www.vietpaw.com/guides/wholesale-coconut-fiber-cat-toys-supplier/index.html,https://vietpaw.com/guides/wholesale-coconut-fiber-cat-toys-supplier/,301,True
http://vietpaw.com/guides/wholesale-coconut-fiber-cat-toys-supplier/index.html,https://vietpaw.com/guides/wholesale-coconut-fiber-cat-toys-supplier/,301,True
http://www.vietpaw.com/guides/wholesale-coconut-fiber-cat-toys-supplier/index.html,https://vietpaw.com/guides/wholesale-coconut-fiber-cat-toys-supplier/,301,True
https://vietpaw.com/how-to-order/index.html,https://vietpaw.com/how-to-order/,301,True
https://www.vietpaw.com/how-to-order/index.html,https://vietpaw.com/how-to-order/,301,True
http://vietpaw.com/how-to-order/index.html,https://vietpaw.com/how-to-order/,301,True
http://www.vietpaw.com/how-to-order/index.html,https://vietpaw.com/how-to-order/,301,True
https://vietpaw.com/materials/index.html,https://vietpaw.com/materials/,301,True
https://www.vietpaw.com/materials/index.html,https://vietpaw.com/materials/,301,True
http://vietpaw.com/materials/index.html,https://vietpaw.com/materials/,301,True
http://www.vietpaw.com/materials/index.html,https://vietpaw.com/materials/,301,True
https://vietpaw.com/pet-toys-manufacturer-vietnam/index.html,https://vietpaw.com/pet-toys-manufacturer-vietnam/,301,True
https://www.vietpaw.com/pet-toys-manufacturer-vietnam/index.html,https://vietpaw.com/pet-toys-manufacturer-vietnam/,301,True
http://vietpaw.com/pet-toys-manufacturer-vietnam/index.html,https://vietpaw.com/pet-toys-manufacturer-vietnam/,301,True
http://www.vietpaw.com/pet-toys-manufacturer-vietnam/index.html,https://vietpaw.com/pet-toys-manufacturer-vietnam/,301,True
https://vietpaw.com/products/coconut-fiber-cat-ball/index.html,https://vietpaw.com/products/coconut-fiber-cat-ball/,301,True
https://www.vietpaw.com/products/coconut-fiber-cat-ball/index.html,https://vietpaw.com/products/coconut-fiber-cat-ball/,301,True
http://vietpaw.com/products/coconut-fiber-cat-ball/index.html,https://vietpaw.com/products/coconut-fiber-cat-ball/,301,True
http://www.vietpaw.com/products/coconut-fiber-cat-ball/index.html,https://vietpaw.com/products/coconut-fiber-cat-ball/,301,True
https://vietpaw.com/products/coconut-fiber-dog-ball/index.html,https://vietpaw.com/products/coconut-fiber-dog-ball/,301,True
https://www.vietpaw.com/products/coconut-fiber-dog-ball/index.html,https://vietpaw.com/products/coconut-fiber-dog-ball/,301,True
http://vietpaw.com/products/coconut-fiber-dog-ball/index.html,https://vietpaw.com/products/coconut-fiber-dog-ball/,301,True
http://www.vietpaw.com/products/coconut-fiber-dog-ball/index.html,https://vietpaw.com/products/coconut-fiber-dog-ball/,301,True
https://vietpaw.com/products/coffee-wood-dog-chew/index.html,https://vietpaw.com/products/coffee-wood-dog-chew/,301,True
https://www.vietpaw.com/products/coffee-wood-dog-chew/index.html,https://vietpaw.com/products/coffee-wood-dog-chew/,301,True
http://vietpaw.com/products/coffee-wood-dog-chew/index.html,https://vietpaw.com/products/coffee-wood-dog-chew/,301,True
http://www.vietpaw.com/products/coffee-wood-dog-chew/index.html,https://vietpaw.com/products/coffee-wood-dog-chew/,301,True
https://vietpaw.com/products/hemp-fiber-ball/index.html,https://vietpaw.com/products/hemp-fiber-ball/,301,True
https://www.vietpaw.com/products/hemp-fiber-ball/index.html,https://vietpaw.com/products/hemp-fiber-ball/,301,True
http://vietpaw.com/products/hemp-fiber-ball/index.html,https://vietpaw.com/products/hemp-fiber-ball/,301,True
http://www.vietpaw.com/products/hemp-fiber-ball/index.html,https://vietpaw.com/products/hemp-fiber-ball/,301,True
https://vietpaw.com/products/hemp-rope-dog-toy/index.html,https://vietpaw.com/products/hemp-rope-dog-toy/,301,True
https://www.vietpaw.com/products/hemp-rope-dog-toy/index.html,https://vietpaw.com/products/hemp-rope-dog-toy/,301,True
http://vietpaw.com/products/hemp-rope-dog-toy/index.html,https://vietpaw.com/products/hemp-rope-dog-toy/,301,True
http://www.vietpaw.com/products/hemp-rope-dog-toy/index.html,https://vietpaw.com/products/hemp-rope-dog-toy/,301,True
https://vietpaw.com/products/loofah-cat-toy/index.html,https://vietpaw.com/products/loofah-cat-toy/,301,True
https://www.vietpaw.com/products/loofah-cat-toy/index.html,https://vietpaw.com/products/loofah-cat-toy/,301,True
http://vietpaw.com/products/loofah-cat-toy/index.html,https://vietpaw.com/products/loofah-cat-toy/,301,True
http://www.vietpaw.com/products/loofah-cat-toy/index.html,https://vietpaw.com/products/loofah-cat-toy/,301,True
https://vietpaw.com/quality-control/index.html,https://vietpaw.com/quality-control/,301,True
https://www.vietpaw.com/quality-control/index.html,https://vietpaw.com/quality-control/,301,True
http://vietpaw.com/quality-control/index.html,https://vietpaw.com/quality-control/,301,True
http://www.vietpaw.com/quality-control/index.html,https://vietpaw.com/quality-control/,301,True
https://vietpaw.com/request-a-quote/index.html,https://vietpaw.com/request-a-quote/,301,True
https://www.vietpaw.com/request-a-quote/index.html,https://vietpaw.com/request-a-quote/,301,True
http://vietpaw.com/request-a-quote/index.html,https://vietpaw.com/request-a-quote/,301,True
http://www.vietpaw.com/request-a-quote/index.html,https://vietpaw.com/request-a-quote/,301,True
https://vietpaw.com/request-a-quote/thank-you/index.html,https://vietpaw.com/request-a-quote/thank-you/,301,True
https://www.vietpaw.com/request-a-quote/thank-you/index.html,https://vietpaw.com/request-a-quote/thank-you/,301,True
http://vietpaw.com/request-a-quote/thank-you/index.html,https://vietpaw.com/request-a-quote/thank-you/,301,True
http://www.vietpaw.com/request-a-quote/thank-you/index.html,https://vietpaw.com/request-a-quote/thank-you/,301,True
https://vietpaw.com/services/oem-odm-pet-toy-manufacturing/index.html,https://vietpaw.com/services/oem-odm-pet-toy-manufacturing/,301,True
https://www.vietpaw.com/services/oem-odm-pet-toy-manufacturing/index.html,https://vietpaw.com/services/oem-odm-pet-toy-manufacturing/,301,True
http://vietpaw.com/services/oem-odm-pet-toy-manufacturing/index.html,https://vietpaw.com/services/oem-odm-pet-toy-manufacturing/,301,True
http://www.vietpaw.com/services/oem-odm-pet-toy-manufacturing/index.html,https://vietpaw.com/services/oem-odm-pet-toy-manufacturing/,301,True
https://vietpaw.com/services/private-label-pet-toys/index.html,https://vietpaw.com/services/private-label-pet-toys/,301,True
https://www.vietpaw.com/services/private-label-pet-toys/index.html,https://vietpaw.com/services/private-label-pet-toys/,301,True
http://vietpaw.com/services/private-label-pet-toys/index.html,https://vietpaw.com/services/private-label-pet-toys/,301,True
http://www.vietpaw.com/services/private-label-pet-toys/index.html,https://vietpaw.com/services/private-label-pet-toys/,301,True
https://vietpaw.com/services/wholesale-pet-products/index.html,https://vietpaw.com/services/wholesale-pet-products/,301,True
https://www.vietpaw.com/services/wholesale-pet-products/index.html,https://vietpaw.com/services/wholesale-pet-products/,301,True
http://vietpaw.com/services/wholesale-pet-products/index.html,https://vietpaw.com/services/wholesale-pet-products/,301,True
http://www.vietpaw.com/services/wholesale-pet-products/index.html,https://vietpaw.com/services/wholesale-pet-products/,301,True
https://vietpaw.com/solutions/index.html,https://vietpaw.com/solutions/,301,True
https://www.vietpaw.com/solutions/index.html,https://vietpaw.com/solutions/,301,True
http://vietpaw.com/solutions/index.html,https://vietpaw.com/solutions/,301,True
http://www.vietpaw.com/solutions/index.html,https://vietpaw.com/solutions/,301,True
https://vietpaw.com/solutions/amazon-sellers/index.html,https://vietpaw.com/solutions/amazon-sellers/,301,True
https://www.vietpaw.com/solutions/amazon-sellers/index.html,https://vietpaw.com/solutions/amazon-sellers/,301,True
http://vietpaw.com/solutions/amazon-sellers/index.html,https://vietpaw.com/solutions/amazon-sellers/,301,True
http://www.vietpaw.com/solutions/amazon-sellers/index.html,https://vietpaw.com/solutions/amazon-sellers/,301,True
https://vietpaw.com/solutions/eco-pet-shops/index.html,https://vietpaw.com/solutions/eco-pet-shops/,301,True
https://www.vietpaw.com/solutions/eco-pet-shops/index.html,https://vietpaw.com/solutions/eco-pet-shops/,301,True
http://vietpaw.com/solutions/eco-pet-shops/index.html,https://vietpaw.com/solutions/eco-pet-shops/,301,True
http://www.vietpaw.com/solutions/eco-pet-shops/index.html,https://vietpaw.com/solutions/eco-pet-shops/,301,True
https://vietpaw.com/solutions/pet-brands/index.html,https://vietpaw.com/solutions/pet-brands/,301,True
https://www.vietpaw.com/solutions/pet-brands/index.html,https://vietpaw.com/solutions/pet-brands/,301,True
http://vietpaw.com/solutions/pet-brands/index.html,https://vietpaw.com/solutions/pet-brands/,301,True
http://www.vietpaw.com/solutions/pet-brands/index.html,https://vietpaw.com/solutions/pet-brands/,301,True
https://vietpaw.com/solutions/retail-chains/index.html,https://vietpaw.com/solutions/retail-chains/,301,True
https://www.vietpaw.com/solutions/retail-chains/index.html,https://vietpaw.com/solutions/retail-chains/,301,True
http://vietpaw.com/solutions/retail-chains/index.html,https://vietpaw.com/solutions/retail-chains/,301,True
http://www.vietpaw.com/solutions/retail-chains/index.html,https://vietpaw.com/solutions/retail-chains/,301,True
https://vietpaw.com/solutions/startup-brands/index.html,https://vietpaw.com/solutions/startup-brands/,301,True
https://www.vietpaw.com/solutions/startup-brands/index.html,https://vietpaw.com/solutions/startup-brands/,301,True
http://vietpaw.com/solutions/startup-brands/index.html,https://vietpaw.com/solutions/startup-brands/,301,True
http://www.vietpaw.com/solutions/startup-brands/index.html,https://vietpaw.com/solutions/startup-brands/,301,True
https://vietpaw.com/solutions/wholesalers/index.html,https://vietpaw.com/solutions/wholesalers/,301,True
https://www.vietpaw.com/solutions/wholesalers/index.html,https://vietpaw.com/solutions/wholesalers/,301,True
http://vietpaw.com/solutions/wholesalers/index.html,https://vietpaw.com/solutions/wholesalers/,301,True
http://www.vietpaw.com/solutions/wholesalers/index.html,https://vietpaw.com/solutions/wholesalers/,301,True
https://vietpaw.com/sustainability/index.html,https://vietpaw.com/sustainability/,301,True
https://www.vietpaw.com/sustainability/index.html,https://vietpaw.com/sustainability/,301,True
http://vietpaw.com/sustainability/index.html,https://vietpaw.com/sustainability/,301,True
http://www.vietpaw.com/sustainability/index.html,https://vietpaw.com/sustainability/,301,True
https://vietpaw.com/wholesale-catalogue/index.html,https://vietpaw.com/wholesale-catalogue/,301,True
https://www.vietpaw.com/wholesale-catalogue/index.html,https://vietpaw.com/wholesale-catalogue/,301,True
http://vietpaw.com/wholesale-catalogue/index.html,https://vietpaw.com/wholesale-catalogue/,301,True
http://www.vietpaw.com/wholesale-catalogue/index.html,https://vietpaw.com/wholesale-catalogue/,301,True
